index,id,APOE,sex,birth0,educationt0,APOE4,wave,I_age_1,hyper,sys,dia,hbd,totchol,hypchol,hchol,medchol,diab,tabldiab,injecdiab,v_weight,lengte,glucose,hinfresp,bypass1,alcohol1,alcpd,smk3cat,ondjr2,visitdate
1,9917,E2/E4,1.0,1947.0,3.0,0.0,2.0,57.0,0.0,141.0,70.0,1.0,,0.0,3.0,1.0,2.0,1.0,2.0,97.3,163.0,5.9,2.0,,4.0,,2.0,2009.0,2002-05-02
2,7946,E3/E4,1.0,1935.0,6.0,0.0,1.0,57.0,1.0,130.441939224027,96.6640767514654,2.0,6.12,1.0,2.0,1.0,2.0,2.0,2.0,70.5,157.5,5.1,2.0,1.0,4.0,0.0,3.0,2003.0,2009-12-18
3,4564,E3/E4,1.0,1950.0,3.0,1.0,1.0,58.0,0.0,132.0,63.0,1.0,5.57,1.0,2.0,2.0,2.0,1.0,2.0,80.7,178.0,3.8,2.0,2.0,4.0,0.0,3.0,,2014-01-26
4,1263,E3/E4,2.0,1960.0,2.0,0.0,0.0,60.0,1.0,138.0,72.0,1.0,7.56,1.0,2.0,2.0,2.0,1.0,2.0,89.3,162.0,3.7,2.0,1.0,4.0,0.7142857142857142,3.0,2001.0,2015-07-03
5,18976,E6/E3,2.0,1933.0,7.0,0.0,4.0,67.0,0.0,152.0,62.0,1.0,5.5,0.0,2.0,2.0,2.0,2.0,2.0,79.0,172.0,6.3,2.0,1.0,3.0,0.14285714285714302,3.0,2018.0,2006-07-23
6,17212,E2/E3,2.0,1958.0,2.0,0.0,3.0,72.0,0.0,129.0,76.0,2.0,5.3,0.0,2.0,1.0,2.0,2.0,1.0,78.5,178.0,6.1,2.0,1.0,3.0,,2.0,2013.0,2005-07-18
7,7356,E6/E3,1.0,1957.0,7.0,0.0,1.0,63.0,1.0,134.439322311208,95.04839202412279,1.0,6.82,0.0,,2.0,2.0,1.0,2.0,80.4,164.0,5.18,1.0,2.0,4.0,0.0,1.0,2005.0,2007-03-30
8,19643,E3/E4,2.0,1948.0,4.0,0.0,4.0,67.0,1.0,129.0,83.0,2.0,3.9,0.0,3.0,2.0,2.0,1.0,2.0,114.4,158.0,5.6,2.0,1.0,2.0,1.0,2.0,2018.0,2012-08-24
9,14114,E2/E3,2.0,1953.0,4.0,0.0,3.0,62.0,1.0,139.0,103.0,2.0,6.3,0.0,2.0,1.0,2.0,1.0,2.0,76.5,163.5,6.9,2.0,1.0,4.0,2.0,2.0,2013.0,2009-09-15
10,10330,E3/E4,2.0,1959.0,2.0,2.0,2.0,,1.0,120.0,63.0,2.0,4.3,0.0,2.0,1.0,2.0,1.0,2.0,116.6,179.0,5.4,2.0,1.0,4.0,0.42857142857142894,3.0,2009.0,2011-01-12
11,5929,E2/E3,2.0,1947.0,4.0,0.0,1.0,57.0,0.0,106.449400870161,85.5385803245932,2.0,3.58,,2.0,2.0,2.0,1.0,1.0,86.5,171.0,4.9,2.0,2.0,4.0,0.28571428571428603,2.0,2002.0,2011-03-18
12,10195,E3/E4,2.0,1943.0,4.0,2.0,2.0,59.0,0.0,164.0,68.0,2.0,5.3,0.0,1.0,2.0,,1.0,2.0,77.6,153.0,,1.0,1.0,4.0,0.5714285714285711,3.0,2010.0,2005-11-22
13,3212,E6/E3,1.0,1948.0,3.0,0.0,0.0,62.0,1.0,132.0,94.0,1.0,7.44,0.0,2.0,2.0,,2.0,2.0,97.4,184.0,5.7,2.0,1.0,4.0,,2.0,2001.0,2013-01-12
14,11251,,2.0,1946.0,2.0,0.0,2.0,68.0,0.0,,68.0,2.0,5.3,0.0,1.0,1.0,2.0,2.0,2.0,98.3,167.0,5.4,2.0,1.0,4.0,2.42857142857143,3.0,2007.0,2013-03-21
15,10863,E3/E4,2.0,1954.0,7.0,0.0,2.0,,1.0,136.0,,2.0,5.6,0.0,2.0,1.0,2.0,1.0,2.0,94.0,164.5,3.9,2.0,1.0,4.0,0.0,2.0,2016.0,2003-11-29
16,11286,E6/E3,1.0,1953.0,2.0,0.0,2.0,72.0,1.0,150.0,81.0,1.0,6.8,0.0,1.0,1.0,1.0,2.0,2.0,69.2,161.0,4.1,2.0,1.0,3.0,0.857142857142857,3.0,2012.0,2011-10-20
17,4278,E3/E4,2.0,1941.0,2.0,1.0,0.0,53.0,0.0,162.0,84.0,1.0,,0.0,1.0,2.0,2.0,2.0,,75.6,184.5,4.5,2.0,1.0,3.0,0.0,2.0,1997.0,2006-12-20
18,22085,E6/E3,2.0,1958.0,3.0,1.0,4.0,68.0,0.0,127.0,64.0,2.0,5.3,0.0,3.0,1.0,2.0,2.0,,103.0,164.0,5.0,2.0,1.0,3.0,0.7142857142857142,3.0,2016.0,2014-07-01
19,10464,E3/E4,1.0,1943.0,7.0,0.0,2.0,61.0,1.0,145.0,80.0,1.0,5.8,0.0,2.0,1.0,2.0,2.0,2.0,104.4,161.0,5.47,2.0,1.0,3.0,0.0,3.0,2013.0,2004-09-06
20,3182,E6/E3,1.0,1940.0,1.0,0.0,0.0,48.0,1.0,127.0,59.77040329531421,2.0,3.6,,1.0,2.0,2.0,1.0,2.0,59.9,174.5,8.2,2.0,1.0,4.0,1.42857142857143,2.0,2002.0,2009-05-20
21,1387,E2/E3,,1948.0,3.0,,0.0,62.0,0.0,118.0,83.0,2.0,6.01,0.0,1.0,2.0,2.0,1.0,2.0,90.1,179.0,5.1,2.0,1.0,4.0,0.857142857142857,2.0,2016.0,2008-01-22
22,20313,E6/E3,2.0,1957.0,1.0,0.0,4.0,69.0,1.0,129.0,80.0,,5.5,0.0,2.0,2.0,1.0,2.0,1.0,96.7,152.5,,2.0,1.0,4.0,0.857142857142857,2.0,2016.0,2011-07-14
23,17041,,,1959.0,4.0,1.0,3.0,76.0,1.0,122.0,,1.0,6.4,0.0,2.0,1.0,2.0,1.0,2.0,85.4,183.0,7.9,2.0,1.0,4.0,0.5714285714285711,3.0,2017.0,2006-10-14
24,12774,E6/E3,2.0,1947.0,9.0,0.0,2.0,55.0,1.0,130.0,77.0,1.0,4.8,1.0,2.0,2.0,2.0,1.0,2.0,94.2,167.0,5.1,2.0,1.0,4.0,0.5714285714285711,2.0,2009.0,2006-03-10
25,11646,E3/E4,1.0,1944.0,2.0,0.0,2.0,72.0,,139.0,90.0,2.0,6.3,1.0,1.0,2.0,2.0,1.0,,108.8,157.0,5.3,2.0,1.0,4.0,0.0,1.0,2008.0,2009-09-07
26,6120,E6/E3,2.0,1928.0,3.0,0.0,1.0,65.0,1.0,154.40098415319798,88.3925943027527,1.0,6.03,0.0,1.0,1.0,2.0,2.0,2.0,80.5,171.5,5.3,2.0,2.0,1.0,0.5714285714285711,3.0,2004.0,2005-06-12
27,2138,E6/E3,1.0,1944.0,2.0,2.0,0.0,52.0,1.0,99.0,84.4856952707102,2.0,,0.0,2.0,2.0,2.0,1.0,,76.8,168.5,,2.0,,1.0,0.0,,2000.0,2012-09-08
28,15314,E2/E4,2.0,1944.0,3.0,0.0,3.0,81.0,1.0,100.0,89.0,1.0,6.2,0.0,2.0,2.0,2.0,1.0,2.0,64.0,169.5,5.2,2.0,,4.0,0.0,3.0,2013.0,2007-05-01
29,6652,E2/E3,1.0,1949.0,1.0,1.0,1.0,56.0,1.0,108.70953646561199,71.0,1.0,5.4,0.0,1.0,2.0,2.0,2.0,2.0,69.4,,8.9,2.0,2.0,4.0,1.0,3.0,2005.0,2009-05-25
30,3463,E3/E4,1.0,1937.0,1.0,2.0,0.0,62.0,0.0,135.0,71.0,2.0,5.9,0.0,2.0,2.0,2.0,1.0,2.0,75.8,161.0,4.8,2.0,1.0,3.0,1.42857142857143,1.0,2000.0,2011-04-27
31,15825,E6/E3,2.0,1953.0,3.0,0.0,3.0,64.0,1.0,146.0,82.0,2.0,2.6,,2.0,1.0,2.0,1.0,2.0,99.5,170.0,5.5,2.0,1.0,4.0,1.42857142857143,2.0,2016.0,2014-02-22
32,9614,E2/E3,2.0,1953.0,4.0,0.0,2.0,71.0,0.0,155.0,83.0,1.0,5.8,0.0,1.0,1.0,2.0,1.0,2.0,91.7,179.0,5.21,2.0,1.0,4.0,0.7142857142857142,2.0,2010.0,2011-05-18
33,331,E6/E3,2.0,1957.0,7.0,0.0,0.0,52.0,0.0,141.0,65.0,2.0,6.1,1.0,2.0,1.0,2.0,1.0,2.0,89.5,180.5,7.2,2.0,1.0,4.0,0.0,2.0,2009.0,2012-06-17
34,15002,E4/E4,1.0,1954.0,2.0,0.0,3.0,79.0,1.0,204.0,81.0,1.0,4.5,0.0,2.0,2.0,2.0,1.0,2.0,118.0,181.0,6.1,1.0,1.0,4.0,0.5714285714285711,2.0,2010.0,2001-07-15
35,13996,E6/E3,1.0,1967.0,3.0,0.0,3.0,62.0,0.0,134.0,86.0,1.0,4.7,0.0,1.0,2.0,2.0,2.0,2.0,86.6,181.5,5.7,2.0,1.0,4.0,0.0,2.0,2017.0,2014-05-20
36,2297,E6/E3,2.0,1949.0,2.0,0.0,0.0,59.0,1.0,165.0,92.0,1.0,5.9,0.0,2.0,2.0,2.0,2.0,2.0,102.0,166.0,4.5,2.0,1.0,4.0,1.0,1.0,2001.0,2011-07-21
37,3021,E6/E3,1.0,1938.0,3.0,0.0,0.0,54.0,0.0,129.0,75.0,,6.04,0.0,2.0,2.0,2.0,2.0,2.0,82.8,184.0,6.0,2.0,1.0,1.0,0.0,2.0,2000.0,2011-03-05
38,17500,E6/E3,2.0,1952.0,2.0,1.0,3.0,66.0,0.0,121.0,98.0,1.0,3.6,0.0,2.0,2.0,2.0,2.0,2.0,,169.0,7.1,2.0,1.0,4.0,2.0,2.0,2013.0,2002-01-22
39,13983,E6/E3,1.0,1958.0,3.0,0.0,3.0,60.0,1.0,165.0,71.0,2.0,5.6,0.0,1.0,1.0,2.0,1.0,2.0,61.2,,6.1,2.0,1.0,4.0,0.0,2.0,2012.0,2014-01-10
40,8342,E6/E3,2.0,1951.0,5.0,0.0,1.0,63.0,0.0,151.527475025146,90.2947513769422,,5.4,0.0,2.0,2.0,2.0,,2.0,80.8,164.0,5.9,2.0,2.0,4.0,2.0,1.0,2003.0,2013-12-11
41,15697,E2/E3,1.0,1940.0,4.0,0.0,3.0,74.0,1.0,102.0,79.0,1.0,2.6,0.0,2.0,2.0,2.0,2.0,2.0,,181.0,3.1,2.0,1.0,2.0,0.0,3.0,2013.0,2006-08-19
42,14379,E3/E4,2.0,1943.0,2.0,,3.0,78.0,0.0,135.0,69.0,2.0,5.8,0.0,,2.0,2.0,1.0,2.0,72.7,168.0,3.8,2.0,1.0,3.0,0.5714285714285711,2.0,2011.0,2010-06-24
43,17903,E6/E3,1.0,1951.0,8.0,1.0,3.0,,0.0,138.0,78.0,1.0,8.6,0.0,1.0,2.0,2.0,,2.0,83.1,170.0,,2.0,1.0,4.0,4.28571428571429,,2013.0,2011-03-03
44,21379,E3/E4,2.0,1935.0,4.0,0.0,4.0,77.0,0.0,140.0,,1.0,4.7,0.0,,1.0,2.0,2.0,1.0,66.5,175.0,4.4,,1.0,3.0,1.28571428571429,3.0,2018.0,2003-07-07
45,3119,E6/E3,1.0,1965.0,2.0,0.0,0.0,,,129.0,90.0,2.0,5.01,0.0,1.0,2.0,2.0,2.0,1.0,73.0,169.0,16.4,,1.0,4.0,0.5714285714285711,2.0,1998.0,2014-06-26
46,8981,E6/E3,1.0,1948.0,3.0,2.0,1.0,,1.0,,126.58008898632099,2.0,5.31,0.0,2.0,2.0,2.0,2.0,2.0,81.1,173.0,4.8,2.0,2.0,4.0,2.85714285714286,1.0,2002.0,2014-02-28
47,20818,E6/E3,2.0,1946.0,4.0,1.0,4.0,72.0,1.0,125.0,82.0,1.0,5.4,0.0,2.0,2.0,2.0,1.0,2.0,78.8,152.0,5.4,2.0,1.0,4.0,2.57142857142857,2.0,2018.0,2004-09-01
48,12365,E2/E3,2.0,1937.0,7.0,1.0,2.0,54.0,1.0,159.0,86.0,2.0,5.5,0.0,1.0,1.0,2.0,2.0,2.0,104.6,168.0,5.24,2.0,1.0,4.0,0.857142857142857,1.0,2009.0,2006-07-30
49,21827,E6/E3,2.0,1963.0,2.0,1.0,4.0,75.0,1.0,128.0,71.0,1.0,5.4,0.0,1.0,2.0,1.0,2.0,2.0,85.2,166.0,5.4,2.0,1.0,4.0,1.28571428571429,3.0,2017.0,2011-08-25
50,12845,E3/E4,1.0,1944.0,6.0,1.0,2.0,77.0,0.0,107.0,80.0,2.0,6.0,0.0,2.0,2.0,1.0,1.0,2.0,68.7,168.0,5.4,2.0,1.0,3.0,,2.0,2012.0,2001-05-09
